InformMethod,Exchange,Rating
Annual Reports,NYSE,1
Annual Reports,NYSE,2
Annual Reports,NYSE,4
Annual Reports,NYSE,1
Annual Reports,NYSE,4
Annual Reports,NYSE,1
Annual Reports,NYSE,3
Annual Reports,NYSE,4
Annual Reports,NYSE,4
Annual Reports,NYSE,3
Annual Reports,NYSE,3
Annual Reports,NYSE,3
Annual Reports,NYSE,4
Annual Reports,NYSE,3
Annual Reports,NYSE,2
Annual Reports,NYSE,2
Annual Reports,NYSE,1
Annual Reports,NYSE,4
Annual Reports,AMEX,2
Annual Reports,AMEX,3
Annual Reports,AMEX,4
Annual Reports,AMEX,4
Annual Reports,AMEX,4
Annual Reports,AMEX,2
Annual Reports,AMEX,3
Annual Reports,AMEX,2
Annual Reports,AMEX,3
Annual Reports,AMEX,1
Annual Reports,AMEX,3
Annual Reports,AMEX,3
Annual Reports,AMEX,1
Annual Reports,AMEX,3
Annual Reports,AMEX,2
Annual Reports,AMEX,4
Annual Reports,AMEX,3
Annual Reports,AMEX,1
Annual Reports,OTC,4
Annual Reports,OTC,4
Annual Reports,OTC,1
Annual Reports,OTC,0
Annual Reports,OTC,2
Annual Reports,OTC,2
Annual Reports,OTC,3
Annual Reports,OTC,3
Annual Reports,OTC,2
Annual Reports,OTC,3
Annual Reports,OTC,1
Annual Reports,OTC,4
Annual Reports,OTC,1
Annual Reports,OTC,1
Annual Reports,OTC,3
Annual Reports,OTC,2
Annual Reports,OTC,3
Annual Reports,OTC,0
Presentations,NYSE,2
Presentations,NYSE,3
Presentations,NYSE,4
Presentations,NYSE,4
Presentations,NYSE,3
Presentations,NYSE,4
Presentations,NYSE,1
Presentations,NYSE,2
Presentations,NYSE,3
Presentations,NYSE,4
Presentations,NYSE,1
Presentations,NYSE,4
Presentations,NYSE,4
Presentations,NYSE,3
Presentations,NYSE,4
Presentations,NYSE,2
Presentations,NYSE,3
Presentations,AMEX,3
Presentations,AMEX,3
Presentations,AMEX,0
Presentations,AMEX,2
Presentations,AMEX,3
Presentations,AMEX,4
Presentations,AMEX,2
Presentations,AMEX,4
Presentations,AMEX,3
Presentations,AMEX,1
Presentations,AMEX,4
Presentations,AMEX,0
Presentations,AMEX,2
Presentations,AMEX,3
Presentations,AMEX,2
Presentations,AMEX,3
Presentations,AMEX,4
Presentations,OTC,4
Presentations,OTC,4
Presentations,OTC,2
Presentations,OTC,4
Presentations,OTC,4
Presentations,OTC,4
Presentations,OTC,3
Presentations,OTC,4
Presentations,OTC,2
Presentations,OTC,3
Presentations,OTC,3
Presentations,OTC,4
Presentations,OTC,3
Presentations,OTC,3
Presentations,OTC,4
Presentations,OTC,1
Presentations,OTC,2
